<?xml version="1.0" encoding="UTF-8"?>
<project-private xmlns="http://www.netbeans.org/ns/project-private/1">
    <editor-bookmarks xmlns="http://www.netbeans.org/ns/editor-bookmarks/2" lastBookmarkId="0"/>
    <open-files xmlns="http://www.netbeans.org/ns/projectui-open-files/2">
        <group>
            <file>file:/Users/hd/Desktop/FPTU/PRJ301/PE/2022%20Fall/PE1/Given/PE_PRJ301_FA22_YourStudentID/src/java/fall22/pe/utils/DBUtils.java</file>
            <file>file:/Users/hd/Desktop/FPTU/PRJ301/PE/2022%20Fall/PE1/Given/PE_PRJ301_FA22_YourStudentID/src/java/fall22/pe/food/FoodDTO.java</file>
            <file>file:/Users/hd/Desktop/FPTU/PRJ301/PE/2022%20Fall/PE1/Given/PE_PRJ301_FA22_YourStudentID/web/login.jsp</file>
            <file>file:/Users/hd/Desktop/FPTU/PRJ301/PE/2022%20Fall/PE1/Given/PE_PRJ301_FA22_YourStudentID/web/admin.jsp</file>
            <file>file:/Users/hd/Desktop/FPTU/PRJ301/PE/2022%20Fall/PE1/Given/PE_PRJ301_FA22_YourStudentID/src/java/fall22/pe/user/UserErrorDTO.java</file>
            <file>file:/Users/hd/Desktop/FPTU/PRJ301/PE/2022%20Fall/PE1/Given/PE_PRJ301_FA22_YourStudentID/src/java/fall22/pe/food/FoodErrorDTO.java</file>
            <file>file:/Users/hd/Desktop/FPTU/PRJ301/PE/2022%20Fall/PE1/Given/PE_PRJ301_FA22_YourStudentID/src/java/fall22/pe/controllers/MainController.java</file>
            <file>file:/Users/hd/Desktop/FPTU/PRJ301/PE/2022%20Fall/PE1/Given/PE_PRJ301_FA22_YourStudentID/src/java/fall22/pe/user/UserDAO.java</file>
            <file>file:/Users/hd/Desktop/FPTU/PRJ301/PE/2022%20Fall/PE1/Given/PE_PRJ301_FA22_YourStudentID/src/java/fall22/pe/food/FoodDAO.java</file>
            <file>file:/Users/hd/Desktop/FPTU/PRJ301/PE/2022%20Fall/PE1/Given/PE_PRJ301_FA22_YourStudentID/web/WEB-INF/web.xml</file>
            <file>file:/Users/hd/Desktop/FPTU/PRJ301/PE/2022%20Fall/PE1/Given/PE_PRJ301_FA22_YourStudentID/src/java/fall22/pe/user/UserDTO.java</file>
        </group>
    </open-files>
</project-private>
